"Name","Length"
"SEG_Drug_Essentials_Intern_Level_v2.zip","6581"
"SEG_Emergency_Cases_Intern_Level.zip","7414"
"SEG_Intern_Level_Content_Implementation_Bundle.zip","18902"
"SEG_Toxicology_Essentials_Intern_Level.zip","6365"
"SEG_GP_Path_Content_Pack.zip","26718"
"SEG_GP_PATH_EXTRA_TOOLS_ONLY_FOLDER.zip","16741"
"SEG_GP_PATH_ONLY_MASTER_FOLDER.zip","49110"
"SEG_MEDICAL_STUDENTS_JORDAN_EXTRA_TOOLS_ONLY_FOLDER.zip","18042"
"SEG_MEDICAL_STUDENTS_JORDAN_PATH_ONLY_FOLDER.zip","46041"
"SEG_EMS_PARAMEDICS_PATH_ONLY_FOLDER.zip","38833"
"SEG_EMERGENCY_RESIDENT_SPECIALIST_PATH_ONLY_FOLDER.zip","56959"
"SEG_ECG_Essentials_Preparation_Pack.zip","7746"
"SEG_Intern_Path_Final_QA_and_Source_Map_Template.zip","7027"
"SEG_ALL_READY_FOR_PC_MASTER_BUNDLE.zip","96934"
"SEG_Phone_To_PC_Preparation_Bundle.zip","42450"
